<?xml version="1.0"?>
<tool_dependency>
    <package name="zlib" version="1.2.8">
        <install version="1.0">
            <actions>
                <action type="download_by_url">http://zlib.net/zlib-1.2.8.tar.gz</action>
                <action type="autoconf" />
                <action type="set_environment">
                    <environment_variable name="ZLIB_ROOT_PATH" action="set_to">$INSTALL_DIR</environment_variable>
                    <environment_variable name="PKG_CONFIG_PATH" action="prepend_to">$INSTALL_DIR/lib/pkgconfig</environment_variable>
                    <environment_variable name="LD_LIBRARY_PATH" action="prepend_to">$INSTALL_DIR/lib</environment_variable>
                    <environment_variable name="LIBRARY_PATH" action="prepend_to">$INSTALL_DIR/lib</environment_variable>
                    <environment_variable name="C_INCLUDE_PATH" action="prepend_to">$INSTALL_DIR/include</environment_variable>
                    <environment_variable name="CPLUS_INCLUDE_PATH" action="prepend_to">$INSTALL_DIR/include</environment_variable>
                </action>
            </actions>
        </install>
        <readme>
            A Massively Spiffy Yet Delicately Unobtrusive Compression Library.
            http://www.zlib.net/
        </readme>
    </package>
</tool_dependency>
